Workbook

Sheet README
A1: Audit-Evidence Tracker (PBC)
A2: Wrenfield Health (fictional) · simulated NIST SP 800-53 Rev. 5 (Release 5.2.0) assessment · synthetic data
A4: As-of (status) date | B4: 46283 | C4: <- input: all aging/overdue formulas reference this cell (use =TODAY() in a live workbook)
A6: Statuses | B6: Not Requested, Requested, Received, Under Review, Accepted, Insufficient, Rework Required, Closed
A7: Evidence level | B7: Design = documentation exists; Implementation = configured/deployed; Operating Effectiveness = worked over the period. See audit/evidence-quality-guide.md
A8: Sufficiency | B8: Derived: Accepted/Closed = Sufficient; Insufficient/Rework = Insufficient; others Pending
A9: Days Late | B9: Live formula: received after due, or still outstanding past due as of the README date
A10: Completion % | B10: (Accepted + Closed) / all requested items. 'Insufficient' is NOT complete: it becomes a finding
A11: Locations | B11: Paths starting with evidence/ or access-review/ are synthetic samples committed in this repo; 'GRC-Vault:/' paths are the fictional evidence vault

Sheet Evidence
A1: Evidence ID | B1: Control ID | C1: Evidence Request | D1: Artifact Description | E1: Evidence Owner | F1: Request Date | G1: Due Date | H1: Received Date | I1: Status | J1: Evidence Period | K1: File / Repository Location | L1: In Repo? | M1: Reviewer | N1: Review Result | O1: Evidence Level | P1: Sufficiency | Q1: Exception | R1: Follow-Up Required | S1: Days Late | T1: Notes
A2: EVID-001 | B2: AC-1 | C2: Current Access Control Policy with approval record and review history | D2: ACP-002 Access Control Policy v3.1 (PDF) + approval minutes 2025-01-15 | E2: Alicia Moreno | F2: 46183 | G2: 46192 | H2: 46185 | I2: Accepted | J2: Current version | K2: GRC-Vault:/WCP-2026/AC/EVID-001_ACP-002_v3.1.pdf | L2: No | M2: Lead assessor | N2: Content adequate; last approval 2025-01-15 exceeds the annual review cycle | O2: Design | P2: Sufficient | R2: No | S2: =IF(H2="",MAX(0,README!$B$4-G2),MAX(0,H2-G2)) | T2: Drives OBS-01. Policy existence alone did not satisfy AC-2 or AC-6
A3: EVID-002 | B3: AC-2; AC-2(3); PS-4; PS-5 | C3: Joiner/mover/leaver procedure | D3: SOP-IAM-02 Account Lifecycle v2.0 | E3: Nadia Rahman | F3: 46183 | G3: 46192 | H3: 46185 | I3: Accepted | J3: Current version | K3: GRC-Vault:/WCP-2026/AC/EVID-002_SOP-IAM-02_v2.0.pdf | L3: No | M3: Lead assessor | N3: Describes a manual HR-email to IT-ticket flow; no step for local accounts or transfers | O3: Design | P3: Sufficient | R3: No | S3: =IF(H3="",MAX(0,README!$B$4-G3),MAX(0,H3-G3)) | T3: Design gap is visible in the procedure itself
A4: EVID-003 | B4: AC-2(3); PS-4 | C4: System-generated list of ALL terminations 2026-01-01 to 2026-06-30 (worker ID, type, date, effective time) | D4: PeopleHub report 'Terminations by Effective Date' + final-pay reconciliation | E4: Denise Yamamoto | F4: 46183 | G4: 46192 | H4: 46190 | I4: Accepted | J4: 2026-01-01 to 2026-06-30 | K4: evidence/AC/EVID-003_peoplehub-terminations-2026H1.csv | L4: Yes | M4: Lead assessor | N4: IPE validated: 19 of 19 reconciled to final pay/invoice | O4: Operating Effectiveness | P4: Sufficient | R4: No | S4: =IF(H4="",MAX(0,README!$B$4-G4),MAX(0,H4-G4)) | T4: Assessor observed report generation over screen share
A5: EVID-004 | B5: AC-2(3) | C5: Okta System Log export of user.lifecycle.deactivate events for the period | D5: Okta System Log API export | E5: Nadia Rahman | F5: 46183 | G5: 46192 | H5: 46190 | I5: Accepted | J5: 2026-01-01 to 2026-06-30 | K5: evidence/AC/EVID-004_okta-deactivation-events-2026H1.csv | L5: Yes | M5: Lead assessor | N5: 17 events; matched to EVID-003 | O5: Operating Effectiveness | P5: Sufficient | R5: No | S5: =IF(H5="",MAX(0,README!$B$4-G5),MAX(0,H5-G5))
A6: EVID-005 | B6: AC-2; AC-2(1); IA-2; AC-6(2) | C6: Okta user export (all statuses) with MFA enrollment and group membership as of 2026-06-30 | D6: Okta Users API export | E6: Nadia Rahman | F6: 46183 | G6: 46192 | H6: 46204 | I6: Accepted | J6: As of 2026-06-30 | K6: access-review/source-exports/okta_users.csv | L6: Yes | M6: Lead assessor | N6: Complete for in-scope population; account types verified | O6: Implementation | P6: Sufficient | R6: No | S6: =IF(H6="",MAX(0,README!$B$4-G6),MAX(0,H6-G6))
A7: EVID-006 | B7: AC-2; AC-6; AC-6(5) | C7: Entitlement exports from each in-scope system as of 2026-06-30 | D7: Exports from AWS IAM Identity Center/IAM, GitHub, Aurora roles, wf-sftp-01, PeopleHub, Ledgerline, SIEM, EDR, Quarrystone portal | E7: System owners (9 systems) | F7: 46183 | G7: 46204 | H7: 46206 | I7: Accepted | J7: As of 2026-06-30 | K7: access-review/source-exports/entitlements.csv | L7: Yes | M7: Lead assessor | N7: 106 entitlements; 2 exports re-pulled after column omissions (Ledgerline, portal) | O7: Implementation | P7: Sufficient | R7: No | S7: =IF(H7="",MAX(0,README!$B$4-G7),MAX(0,H7-G7)) | T7: Ledgerline export first omitted role assignment dates; returned 2026-07-03
A8: EVID-007 | B8: AC-2; IA-2(1); IA-5 | C8: AWS IAM credential report for wcp-prod | D8: IAM credential report (CSV) | E8: Tomasz Wierzbicki | F8: 46183 | G8: 46192 | H8: 46204 | I8: Accepted | J8: As of 2026-06-30 | K8: evidence/IA/EVID-007_aws-iam-credential-report_2026-06-30.csv | L8: Yes | M8: Lead assessor | N8: Revealed mfeld-admin (no MFA) and svc-reporting-etl static key | O8: Implementation | P8: Sufficient | R8: No | S8: =IF(H8="",MAX(0,README!$B$4-G8),MAX(0,H8-G8))
A9: EVID-008 | B9: AC-6(7) | C9: Q1 2026 access certification campaign export (reviewer, item, decision, timestamp) | D9: Okta Access Certification campaign export Q1-2026 (412 decisions) | E9: Alicia Moreno | F9: 46183 | G9: 46192 | H9: 46197 | I9: Accepted | J9: 2026-03-02 to 2026-03-20 | K9: evidence/AC/EVID-008_q1-certification-summary.md | L9: Yes | M9: Lead assessor | N9: 100% approved; 17 of 23 reviewers finished in under 5 minutes; approved 2 items later found invalid | O9: Operating Effectiveness | P9: Sufficient | R9: No | S9: =IF(H9="",MAX(0,README!$B$4-G9),MAX(0,H9-G9))
A10: EVID-009 | B10: AC-6(7) | C10: Evidence that quarterly access reviews are performed | D10: Screenshot: 'Q1 Access Review, 100% complete' dashboard tile | E10: Alicia Moreno | F10: 46183 | G10: 46192 | H10: 46188 | I10: Insufficient | J10: Undated | K10: evidence/AC/EVID-009_insufficient-screenshot-example.md | L10: Yes | M10: Lead assessor | N10: No population, reviewers, decisions, or date; cannot show review quality | O10: Design | P10: Insufficient | Q10: Screenshot shows completion status only | R10: Yes: replaced by EVID-008 | S10: =IF(H10="",MAX(0,README!$B$4-G10),MAX(0,H10-G10)) | T10: Teaching example: completion does not prove effectiveness
A11: EVID-010 | B11: IA-2(1); IA-2(2); IA-2(8) | C11: Okta authentication and global session policy export | D11: Okta Policies API export | E11: Nadia Rahman | F11: 46183 | G11: 46192 | H11: 46203 | I11: Accepted | J11: As of 2026-06-30 | K11: evidence/IA/EVID-010_okta-authentication-policies_2026-06-30.json | L11: Yes | M11: Lead assessor | N11: Global policy excludes MFA-Exempt-Legacy group; admin apps accept non-phishing-resistant factors | O11: Implementation | P11: Sufficient | R11: No | S11: =IF(H11="",MAX(0,README!$B$4-G11),MAX(0,H11-G11))
A12: EVID-011 | B12: IA-2(1); IA-2(2) | C12: Membership of all MFA exemption groups with reason and approval | D12: Okta group membership export MFA-Exempt-Legacy | E12: Nadia Rahman | F12: 46183 | G12: 46192 | H12: 46203 | I12: Accepted | J12: As of 2026-06-30 | K12: evidence/IA/EVID-011_okta-mfa-exempt-group_2026-06-30.csv | L12: Yes | M12: Lead assessor | N12: 11 members (9 human, 2 service); 0 approvals or expiry dates | O12: Implementation | P12: Sufficient | R12: No | S12: =IF(H12="",MAX(0,README!$B$4-G12),MAX(0,H12-G12))
A13: EVID-012 | B13: IA-2(8) | C13: Enabled authenticator configuration | D13: Okta authenticator settings export | E13: Nadia Rahman | F13: 46183 | G13: 46192 | H13: 46203 | I13: Accepted | J13: As of 2026-06-30 | K13: GRC-Vault:/WCP-2026/IA/EVID-012_okta-authenticators.json | L13: No | M13: Lead assessor | N13: Only replay-resistant factors enabled; SMS/voice disabled | O13: Implementation | P13: Sufficient | R13: No | S13: =IF(H13="",MAX(0,README!$B$4-G13),MAX(0,H13-G13))
A14: EVID-013 | B14: AC-2; IA-5 | C14: Service-account register with owner, purpose, credential type, and last rotation | D14: Service account register v2026-06 | E14: Nadia Rahman | F14: 46183 | G14: 46199 | H14: 46211 | I14: Accepted | J14: As of 2026-06-30 | K14: access-review/source-exports/service_accounts.csv | L14: Yes | M14: Lead assessor | N14: Accepted after rework | O14: Implementation | P14: Sufficient | R14: No | S14: =IF(H14="",MAX(0,README!$B$4-G14),MAX(0,H14-G14)) | T14: First submission (2026-06-25) lacked owner and rotation columns; returned as Rework Required; accepted 2026-07-08
A15: EVID-014 | B15: AC-5 | C15: Ledgerline role and permission matrix and SoD ruleset | D15: Ledgerline security role report + SoD matrix | E15: Laura Brenneman | F15: 46183 | G15: 46192 | H15: 46191 | I15: Accepted | J15: Current | K15: access-review/source-exports/sod_rules.csv | L15: Yes | M15: Lead assessor | N15: Rules adequate; conflict detected in assignments | O15: Design | P15: Sufficient | R15: No | S15: =IF(H15="",MAX(0,README!$B$4-G15),MAX(0,H15-G15))
A16: EVID-015 | B16: AC-5 | C16: Monthly vendor-master change reports with reviewer sign-off (Jan–Jun) | D16: 6 signed Ledgerline vendor-master change reports | E16: Laura Brenneman | F16: 46183 | G16: 46192 | H16: 46195 | I16: Accepted | J16: 2026-01 to 2026-06 | K16: GRC-Vault:/WCP-2026/AC/EVID-015_vendor-master-reviews-H1.pdf | L16: No | M16: Lead assessor | N16: 6 of 6 signed by Controller within 10 days of month end; 2 bank-detail changes verified by callback | O16: Operating Effectiveness | P16: Sufficient | R16: No | S16: =IF(H16="",MAX(0,README!$B$4-G16),MAX(0,H16-G16))
A17: EVID-016 | B17: AC-6; AC-6(2); AC-6(5) | C17: AWS IAM Identity Center permission-set assignments for wcp-prod | D17: Identity Center assignment export | E17: Tomasz Wierzbicki | F17: 46183 | G17: 46192 | H17: 46204 | I17: Accepted | J17: As of 2026-06-30 | K17: access-review/source-exports/entitlements.csv | L17: Yes | M17: Lead assessor | N17: Admin assignments exceed role definitions | O17: Implementation | P17: Sufficient | R17: No | S17: =IF(H17="",MAX(0,README!$B$4-G17),MAX(0,H17-G17))
A18: EVID-017 | B18: AC-6(5) | C18: GitHub organization owners and repository admins | D18: GitHub org member export (role=owner/admin) | E18: Grace Lindqvist | F18: 46183 | G18: 46192 | H18: 46204 | I18: Accepted | J18: As of 2026-06-30 | K18: access-review/source-exports/entitlements.csv | L18: Yes | M18: Lead assessor | N18: 5 owners vs maximum 3 | O18: Implementation | P18: Sufficient | R18: No | S18: =IF(H18="",MAX(0,README!$B$4-G18),MAX(0,H18-G18))
A19: EVID-018 | B19: AC-17 | C19: Remote administrative access architecture and session logging configuration | D19: SSM Session Manager preferences + network exposure report | E19: Tomasz Wierzbicki | F19: 46183 | G19: 46192 | H19: 46197 | I19: Accepted | J19: As of 2026-06-30 | K19: GRC-Vault:/WCP-2026/AC/EVID-018_ssm-session-prefs.json | L19: No | M19: Lead assessor | N19: Sessions logged and encrypted; no public bastions | O19: Implementation | P19: Sufficient | R19: No | S19: =IF(H19="",MAX(0,README!$B$4-G19),MAX(0,H19-G19))
A20: EVID-019 | B20: AT-2 | C20: LMS completion report for annual security awareness (full workforce) and phishing simulation results | D20: LMS report + simulation summary | E20: Denise Yamamoto | F20: 46183 | G20: 46192 | H20: 46199 | I20: Accepted | J20: FY2026 cycle as of 2026-06-30 | K20: GRC-Vault:/WCP-2026/AT/EVID-019_lms-completion-2026-06-30.csv | L20: No | M20: Lead assessor | N20: 316 of 347 complete (91%); 4 overdue users hold PHI access | O20: Operating Effectiveness | P20: Sufficient | R20: No | S20: =IF(H20="",MAX(0,README!$B$4-G20),MAX(0,H20-G20))
A21: EVID-020 | B21: AT-3 | C21: Role-based training completion for engineers, admins, clinical/support staff | D21: LMS role-group reports | E21: Denise Yamamoto | F21: 46183 | G21: 46192 | H21: 46199 | I21: Accepted | J21: 2026-01-01 to 2026-06-30 | K21: GRC-Vault:/WCP-2026/AT/EVID-020_role-training.csv | L21: No | M21: Lead assessor | N21: 15 of 15 sampled complete | O21: Operating Effectiveness | P21: Sufficient | R21: No | S21: =IF(H21="",MAX(0,README!$B$4-G21),MAX(0,H21-G21))
A22: EVID-021 | B22: AU-2 | C22: Logging standard, trail configurations, and sample events for required types | D22: LMS-004 + CloudTrail/EKS/app-audit configs + 10 traced events | E22: Owen Castillo | F22: 46183 | G22: 46192 | H22: 46197 | I22: Accepted | J22: As of 2026-06-30 | K22: GRC-Vault:/WCP-2026/AU/EVID-021_logging-config-and-samples.zip | L22: No | M22: Lead assessor | N22: 10 of 10 required event types present with required fields | O22: Implementation | P22: Sufficient | R22: No | S22: =IF(H22="",MAX(0,README!$B$4-G22),MAX(0,H22-G22))
A23: EVID-022 | B23: AU-6 | C23: All weekly privileged-activity review tickets W01–W26 | D23: SEC ticket export | E23: Owen Castillo | F23: 46183 | G23: 46192 | H23: 46199 | I23: Accepted | J23: 2026-W01 to 2026-W26 | K23: evidence/AU/EVID-022_privileged-activity-reviews-2026H1.csv | L23: Yes | M23: Lead assessor | N23: 19 of 26 performed; 17 of 26 fully effective | O23: Operating Effectiveness | P23: Sufficient | R23: No | S23: =IF(H23="",MAX(0,README!$B$4-G23),MAX(0,H23-G23))
A24: EVID-023 | B24: AU-9 | C24: Log archive bucket protections and SCPs | D24: S3 Object Lock config + bucket policy + SCP JSON | E24: Owen Castillo | F24: 46183 | G24: 46192 | H24: 46197 | I24: Accepted | J24: As of 2026-06-30 | K24: GRC-Vault:/WCP-2026/AU/EVID-023_log-archive-protections.json | L24: No | M24: Lead assessor | N24: Compliance-mode Object Lock; StopLogging denied | O24: Implementation | P24: Sufficient | R24: No | S24: =IF(H24="",MAX(0,README!$B$4-G24),MAX(0,H24-G24))
A25: EVID-024 | B25: AU-11 | C25: Retention settings for every audit source plus oldest available record per source | D25: SIEM retention setting + S3 lifecycle + CloudWatch retention + oldest-record queries | E25: Owen Castillo | F25: 46183 | G25: 46192 | H25: 46198 | I25: Accepted | J25: As of 2026-06-30 | K25: evidence/AU/EVID-024_log-retention-config_2026-06-30.json | L25: Yes | M25: Lead assessor | N25: Retention 90–180 days vs 12-month requirement | O25: Implementation | P25: Sufficient | R25: No | S25: =IF(H25="",MAX(0,README!$B$4-G25),MAX(0,H25-G25))
A26: EVID-025 | B26: CA-2 | C26: Most recent SOC 2 Type II report and external penetration test report | D26: SOC 2 Type II (2024-10-01 to 2025-09-30) + 2025 pentest summary and retest letter | E26: Priya Raman | F26: 46183 | G26: 46192 | H26: 46185 | I26: Accepted | J26: FY2025 | K26: GRC-Vault:/WCP-2026/CA/EVID-025_soc2-and-pentest.pdf | L26: No | M26: Lead assessor | N26: Independent assessments at defined frequency | O26: Operating Effectiveness | P26: Sufficient | R26: No | S26: =IF(H26="",MAX(0,README!$B$4-G26),MAX(0,H26-G26))
... A33: EVID-032 | B33: CP-2 | C33: Current BC/DR plan | D33: BCP-003 v2.1 (2025-11) | E33: Tomasz Wierzbicki | F33: 46183 | G33: 46192 | H33: 46185 | I33: Accepted | J33: Current version | K33: GRC-Vault:/WCP-2026/CP/EVID-032_BCP-003_v2.1.pdf | L33: No | M33: Lead assessor | N33: Adequate design with RTO 4h / RPO 1h | O33: Design | P33: Sufficient | R33: No | S33: =IF(H33="",MAX(0,README!$B$4-G33),MAX(0,H33-G33))
A34: EVID-033 | B34: CP-4 | C34: Contingency plan test records (last 24 months) | D34: 2024-04 AZ failover engineering notes | E34: Tomasz Wierzbicki | F34: 46183 | G34: 46192 | H34: 46199 | I34: Insufficient | J34: 2024-07-01 to 2026-06-30 | K34: GRC-Vault:/WCP-2026/CP/EVID-033_az-failover-notes-2024.md | L34: No | M34: Lead assessor | N34: No plan-level test within 12 months; notes are not an after-action report | O34: Design | P34: Insufficient | Q34: No CP test in period | R34: Yes: POAM-014 | S34: =IF(H34="",MAX(0,README!$B$4-G34),MAX(0,H34-G34))
A35: EVID-034 | B35: CP-9 | C35: Backup plans, job history (30 days), vault protections | D35: AWS Backup plan JSON + job history + Vault Lock config | E35: Tomasz Wierzbicki | F35: 46183 | G35: 46192 | H35: 46197 | I35: Accepted | J35: 2026-06-01 to 2026-06-30 | K35: GRC-Vault:/WCP-2026/CP/EVID-034_backup-config.zip | L35: No | M35: Lead assessor | N35: 30 of 30 jobs successful; Vault Lock compliance mode | O35: Operating Effectiveness | P35: Sufficient | R35: No | S35: =IF(H35="",MAX(0,README!$B$4-G35),MAX(0,H35-G35))
A36: EVID-035 | B36: CP-9(1) | C36: Backup restore test records | D36: Backup job success notifications (no restore records) | E36: Tomasz Wierzbicki | F36: 46183 | G36: 46192 | H36: 46199 | I36: Insufficient | J36: 2025-07-01 to 2026-06-30 | K36: GRC-Vault:/WCP-2026/CP/EVID-035_backup-job-notifications.pdf | L36: No | M36: Lead assessor | N36: A successful backup job is not a tested restore | O36: Implementation | P36: Insufficient | Q36: No restore test ever documented | R36: Yes: POAM-013 | S36: =IF(H36="",MAX(0,README!$B$4-G36),MAX(0,H36-G36))
A37: EVID-036 | B37: IR-8 | C37: Current incident response plan with review history | D37: IRP-005 v4.0 (reviewed 2025-11) | E37: Owen Castillo | F37: 46183 | G37: 46192 | H37: 46185 | I37: Accepted | J37: Current version | K37: GRC-Vault:/WCP-2026/IR/EVID-036_IRP-005_v4.0.pdf | L37: No | M37: Lead assessor | N37: Current; stale contact roster (OBS-03) | O37: Design | P37: Sufficient | R37: No | S37: =IF(H37="",MAX(0,README!$B$4-G37),MAX(0,H37-G37))
A38: EVID-037 | B38: IR-3 | C38: IR test/exercise records (last 24 months) | D38: 2024-09-18 tabletop after-action report | E38: Owen Castillo | F38: 46183 | G38: 46192 | H38: 46199 | I38: Insufficient | J38: 2024-07-01 to 2026-06-30 | K38: GRC-Vault:/WCP-2026/IR/EVID-037_tabletop-2024-09.pdf | L38: No | M38: Lead assessor | N38: Most recent exercise 21 months before fieldwork | O38: Design | P38: Insufficient | Q38: No IR test in 12 months | R38: Yes: POAM-014 | S38: =IF(H38="",MAX(0,README!$B$4-G38),MAX(0,H38-G38))
A39: EVID-038 | B39: IR-4; IR-6; SI-3 | C39: All incident tickets for the period with timelines and notifications | D39: Incident register export (6 incidents) | E39: Owen Castillo | F39: 46183 | G39: 46192 | H39: 46199 | I39: Accepted | J39: 2026-01-01 to 2026-06-30 | K39: evidence/IR/EVID-038_incident-tickets-2026H1.csv | L39: Yes | M39: Lead assessor | N39: 6 of 6 handled per plan; notification timely | O39: Operating Effectiveness | P39: Sufficient | R39: No | S39: =IF(H39="",MAX(0,README!$B$4-G39),MAX(0,H39-G39))
A40: EVID-039 | B40: MP-6 | C40: Certificates of destruction for all devices retired in the period | D40: 14 Coldwater certificates + MDM retired-device list | E40: Kevin Brandt | F40: 46183 | G40: 46192 | H40: 46195 | I40: Accepted | J40: 2026-01-01 to 2026-06-30 | K40: GRC-Vault:/WCP-2026/MP/EVID-039_itad-certificates.pdf | L40: No | M40: Lead assessor | N40: 14 of 14 reconciled by serial | O40: Operating Effectiveness | P40: Sufficient | R40: No | S40: =IF(H40="",MAX(0,README!$B$4-G40),MAX(0,H40-G40))
A41: EVID-040 | B41: PE-3; MP-6; AC-18 | C41: Inherited-control record and provider attestation review log; boundary definition | D41: Control inheritance record + 2026-03 attestation review note + boundary diagram | E41: Priya Raman | F41: 46183 | G41: 46192 | H41: 46188 | I41: Accepted | J41: Current | K41: docs/scope/system-profile.md | L41: Yes | M41: Lead assessor | N41: Inheritance documented and reviewed | O41: Design | P41: Sufficient | R41: No | S41: =IF(H41="",MAX(0,README!$B$4-G41),MAX(0,H41-G41))
A42: EVID-041 | B42: PL-2 | C42: Current system security plan | D42: SSP v1.3 (2025-02) | E42: Priya Raman | F42: 46183 | G42: 46192 | H42: 46185 | I42: Accepted | J42: Current version | K42: GRC-Vault:/WCP-2026/PL/EVID-041_SSP_v1.3.pdf | L42: No | M42: Lead assessor | N42: Outdated: 3 architecture changes missing; 27 of 61 controls overstated vs testing | O42: Design | P42: Sufficient | R42: No | S42: =IF(H42="",MAX(0,README!$B$4-G42),MAX(0,H42-G42))
A43: EVID-042 | B43: PM-9 | C43: Risk management strategy and Board-approved risk appetite | D43: RMS-001 + Risk Appetite Statement (Board minutes 2025-10-21) | E43: Alicia Moreno | F43: 46183 | G43: 46192 | H43: 46185 | I43: Accepted | J43: Current | K43: GRC-Vault:/WCP-2026/PM/EVID-042_RMS-001_and_appetite.pdf | L43: No | M43: Lead assessor | N43: Adequate; applied in RACC-001 and VR-001 escalation | O43: Design | P43: Sufficient | R43: No | S43: =IF(H43="",MAX(0,README!$B$4-G43),MAX(0,H43-G43))
A44: EVID-043 | B44: PS-3 | C44: Background-check completion for 15 sampled H1 hires/contractors | D44: Screening vendor reports + Northgate attestations | E44: Denise Yamamoto | F44: 46183 | G44: 46192 | H44: 46195 | I44: Accepted | J44: 2026-01-01 to 2026-06-30 | K44: GRC-Vault:/WCP-2026/PS/EVID-043_screening-sample.pdf | L44: No | M44: Lead assessor | N44: 15 of 15 screened before access | O44: Operating Effectiveness | P44: Sufficient | R44: No | S44: =IF(H44="",MAX(0,README!$B$4-G44),MAX(0,H44-G44))
A45: EVID-044 | B45: PS-5 | C45: All transfers in period with before/after access | D45: PeopleHub transfer report (6) + access tickets | E45: Denise Yamamoto | F45: 46183 | G45: 46192 | H45: 46195 | I45: Accepted | J45: 2026-01-01 to 2026-06-30 | K45: GRC-Vault:/WCP-2026/PS/EVID-044_transfers.csv | L45: No | M45: Lead assessor | N45: 1 of 6 retained prior-role PHI access | O45: Operating Effectiveness | P45: Sufficient | R45: No | S45: =IF(H45="",MAX(0,README!$B$4-G45),MAX(0,H45-G45))
A46: EVID-045 | B46: PS-7 | C46: Contractor roster with SOW start/end dates and scope | D46: Northgate SOW register (5 contractors active in H1) | E46: Sofia Ricci | F46: 46183 | G46: 46192 | H46: 46195 | I46: Accepted | J46: 2026-01-01 to 2026-06-30 | K46: GRC-Vault:/WCP-2026/PS/EVID-045_contractor-sow-register.xlsx | L46: No | M46: Lead assessor | N46: End dates not enforced in Okta; scope not mapped to access | O46: Implementation | P46: Sufficient | R46: No | S46: =IF(H46="",MAX(0,README!$B$4-G46),MAX(0,H46-G46))
A47: EVID-046 | B47: RA-2 | C47: FIPS 199 categorization worksheet with approval | D47: Categorization worksheet (2025-06) | E47: Samir Haddad | F47: 46183 | G47: 46192 | H47: 46185 | I47: Accepted | J47: Current | K47: docs/scope/system-profile.md | L47: Yes | M47: Lead assessor | N47: Moderate categorization confirmed | O47: Design | P47: Sufficient | R47: No | S47: =IF(H47="",MAX(0,README!$B$4-G47),MAX(0,H47-G47))
A48: EVID-047 | B48: RA-3 | C48: Most recent risk assessment | D48: 2025 HIPAA risk analysis report (2025-09) | E48: Priya Raman | F48: 46183 | G48: 46192 | H48: 46185 | I48: Accepted | J48: FY2025 | K48: GRC-Vault:/WCP-2026/RA/EVID-047_risk-analysis-2025.pdf | L48: No | M48: Lead assessor | N48: Adequate method; missed vendor offshore and retention risks | O48: Design | P48: Sufficient | R48: No | S48: =IF(H48="",MAX(0,README!$B$4-G48),MAX(0,H48-G48))
A49: EVID-048 | B49: RA-5; SI-2; SA-22 | C49: All Critical/High vulnerability findings open at any point in H1, with detection and remediation dates | D49: Scanner export (61 findings) | E49: Owen Castillo | F49: 46183 | G49: 46192 | H49: 46202 | I49: Accepted | J49: 2026-01-01 to 2026-06-30 | K49: evidence/RA/EVID-048_vuln-remediation-aging-2026H1.csv | L49: Yes | M49: Lead assessor | N49: 14 of 61 beyond SLA; 6 open past SLA | O49: Operating Effectiveness | P49: Sufficient | R49: No | S49: =IF(H49="",MAX(0,README!$B$4-G49),MAX(0,H49-G49))
A50: EVID-049 | B50: SA-9; SR-6 | C50: Vendor inventory with tiers and assessment dates | D50: Vendor register (16 vendors) | E50: Beth Kowalski | F50: 46183 | G50: 46192 | H50: 46192 | I50: Accepted | J50: As of 2026-06-30 | K50: vendor-risk/vendor-assessment.xlsx | L50: Yes | M50: Lead assessor | N50: 5 of 14 Tier 1–2 vendors overdue or never assessed | O50: Implementation | P50: Sufficient | R50: No | S50: =IF(H50="",MAX(0,README!$B$4-G50),MAX(0,H50-G50))
A51: EVID-050 | B51: SR-6; SA-9 | C51: Quarrystone SOC 2 Type II report and bridge letter | D51: Quarrystone SOC 2 Type II (2024-10-01 to 2025-09-30) + bridge letter to 2026-03-31 | E51: Beth Kowalski | F51: 46183 | G51: 46192 | H51: 46203 | I51: Accepted | J51: 2024-10-01 to 2026-03-31 | K51: evidence/SR/EVID-050_quarrystone-soc2-review-workpaper.md | L51: Yes | M51: Lead assessor | N51: Unqualified; 2 exceptions; subservice carve-outs; CUEC not performed by Wrenfield | O51: Operating Effectiveness | P51: Sufficient | R51: No | S51: =IF(H51="",MAX(0,README!$B$4-G51),MAX(0,H51-G51))
A52: EVID-051 | B52: SR-6 | C52: Quarrystone most recent penetration test report and retest evidence | D52: Summary letter only (2025-03 test); full report and retest requested | E52: Beth Kowalski (vendor-sourced) | F52: 46211 | G52: 46241 | I52: Requested | J52: 2025-03 | K52: GRC-Vault:/WCP-2026/SR/EVID-051_pending | L52: No | M52: Lead assessor | N52: Outstanding (vendor citing confidentiality; NDA review in progress) | O52: Design | P52: Pending | Q52: Vendor has not produced the report | R52: Yes: escalated through VP Clinical Analytics; condition in POAM-016 | S52: =IF(H52="",MAX(0,README!$B$4-G52),MAX(0,H52-G52))
A53: EVID-052 | B53: SA-22 | C53: OS/database/runtime inventory with vendor support dates | D53: Software lifecycle report | E53: Tomasz Wierzbicki | F53: 46183 | G53: 46192 | H53: 46199 | I53: Accepted | J53: As of 2026-06-30 | K53: GRC-Vault:/WCP-2026/SA/EVID-052_eol-inventory.csv | L53: No | M53: Lead assessor | N53: 3 unsupported components identified | O53: Implementation | P53: Sufficient | R53: No | S53: =IF(H53="",MAX(0,README!$B$4-G53),MAX(0,H53-G53))
A54: EVID-053 | B54: SC-7; CM-6 | C54: Security group rules for wf-sftp-01 and all groups with 0.0.0.0/0 ingress | D54: EC2 DescribeSecurityGroups export | E54: Tomasz Wierzbicki | F54: 46183 | G54: 46192 | H54: 46205 | I54: Accepted | J54: As of 2026-07-02 | K54: evidence/CM/EVID-053_wf-sftp-01-security-group_2026-07-02.json | L54: Yes | M54: Lead assessor | N54: RDP 3389 open to 0.0.0.0/0 | O54: Implementation | P54: Sufficient | R54: No | S54: =IF(H54="",MAX(0,README!$B$4-G54),MAX(0,H54-G54))
A55: EVID-054 | B55: SC-8 | C55: TLS policies and database SSL enforcement; external TLS scan | D55: ALB/CloudFront policies + RDS parameter group + TLS scan | E55: Tomasz Wierzbicki | F55: 46183 | G55: 46192 | H55: 46197 | I55: Accepted | J55: As of 2026-06-30 | K55: GRC-Vault:/WCP-2026/SC/EVID-054_tls.zip | L55: No | M55: Lead assessor | N55: TLS 1.2+ only; force_ssl on | O55: Implementation | P55: Sufficient | R55: No | S55: =IF(H55="",MAX(0,README!$B$4-G55),MAX(0,H55-G55))
A56: EVID-055 | B56: SC-12 | C56: KMS key inventory, rotation, key policies | D56: KMS ListKeys/GetKeyRotationStatus + policies | E56: Tomasz Wierzbicki | F56: 46183 | G56: 46192 | H56: 46197 | I56: Accepted | J56: As of 2026-06-30 | K56: GRC-Vault:/WCP-2026/SC/EVID-055_kms.json | L56: No | M56: Lead assessor | N56: 9 of 9 rotation enabled | O56: Implementation | P56: Sufficient | R56: No | S56: =IF(H56="",MAX(0,README!$B$4-G56),MAX(0,H56-G56))
A57: EVID-056 | B57: SC-28 | C57: Encryption status for all data stores; endpoint encryption compliance | D57: Config rule results + MDM encryption report | E57: Tomasz Wierzbicki | F57: 46183 | G57: 46192 | H57: 46197 | I57: Accepted | J57: As of 2026-06-30 | K57: GRC-Vault:/WCP-2026/SC/EVID-056_encryption.zip | L57: No | M57: Lead assessor | N57: 100% encrypted | O57: Implementation | P57: Sufficient | R57: No | S57: =IF(H57="",MAX(0,README!$B$4-G57),MAX(0,H57-G57))
A58: EVID-057 | B58: SI-3 | C58: EDR coverage reconciled to inventory | D58: EDR sensor export + reconciliation | E58: Owen Castillo | F58: 46183 | G58: 46192 | H58: 46197 | I58: Accepted | J58: As of 2026-06-30 | K58: GRC-Vault:/WCP-2026/SI/EVID-057_edr-coverage.csv | L58: No | M58: Lead assessor | N58: 358 of 362 endpoints (4 in provisioning); 100% servers | O58: Implementation | P58: Sufficient | R58: No | S58: =IF(H58="",MAX(0,README!$B$4-G58),MAX(0,H58-G58))
A59: EVID-058 | B59: SI-4; CA-7 | C59: Detection inventory and MDR triage metrics; 10 sample alerts | D59: Rule inventory (41) + MDR monthly reports + alert samples | E59: Owen Castillo | F59: 46183 | G59: 46192 | H59: 46199 | I59: Accepted | J59: 2026-01-01 to 2026-06-30 | K59: GRC-Vault:/WCP-2026/SI/EVID-058_monitoring.zip | L59: No | M59: Lead assessor | N59: 97% High alerts triaged within 30 min | O59: Operating Effectiveness | P59: Sufficient | R59: No | S59: =IF(H59="",MAX(0,README!$B$4-G59),MAX(0,H59-G59))
A60: EVID-059 | B60: SR-2 | C60: Approved C-SCRM plan | D60: Draft outline (2 pages) | E60: Beth Kowalski | F60: 46183 | G60: 46192 | H60: 46192 | I60: Insufficient | J60: Current | K60: GRC-Vault:/WCP-2026/SR/EVID-059_cscrm-outline.docx | L60: No | M60: Lead assessor | N60: Outline only; not approved | O60: Design | P60: Insufficient | Q60: No C-SCRM plan | R60: Yes: POAM-015 | S60: =IF(H60="",MAX(0,README!$B$4-G60),MAX(0,H60-G60))
A61: EVID-060 | B61: RA-7; AC-5; PM-9 | C61: Signed risk acceptance for SoD conflict | D61: RACC-001 (signed CFO + CISO 2026-08-12) | E61: Laura Brenneman | F61: 46241 | G61: 46248 | H61: 46246 | I61: Accepted | J61: 2026-08-12 to 2027-03-31 | K61: risk/risk-acceptance/RACC-001.md | L61: Yes | M61: Lead assessor | N61: Signed at correct authority level with compensating control | O61: Design | P61: Sufficient | R61: No | S61: =IF(H61="",MAX(0,README!$B$4-G61),MAX(0,H61-G61))
A62: EVID-061 | B62: AC-2; AC-2(3); PS-4; PS-5 | C62: Revocation tickets for AR-EX-01/02/04/12/13/14 and all terminations 2026-07-01 to 2026-09-09 with de-provisioning timestamps | D62: Jira IT tickets + Okta/portal deactivation records | E62: Nadia Rahman | F62: 46249 | G62: 46275 | H62: 46275 | I62: Closed | J62: 2026-07-01 to 2026-09-09 | K62: evidence/AC/EVID-061_terminations-and-deactivations_2026-07-01_to_09-09.csv | L62: Yes | M62: Lead assessor | N62: 7 of 7 terminations within 24h; all revocations verified in post-change exports | O62: Operating Effectiveness | P62: Sufficient | R62: No | S62: =IF(H62="",MAX(0,README!$B$4-G62),MAX(0,H62-G62))
A63: EVID-062 | B63: AC-2(1); AC-2(3) | C63: HR-to-Okta reconciliation job design and last 5 run outputs | D63: Job output 2026-09-04 to 2026-09-10 + job runbook | E63: Nadia Rahman | F63: 46249 | G63: 46275 | H63: 46275 | I63: Closed | J63: 2026-09-04 to 2026-09-10 | K63: evidence/AC/EVID-062_hr-okta-reconciliation-job_2026-09-10.csv | L63: Yes | M63: Lead assessor | N63: 0 exceptions across 5 runs; covers Okta + AWS IAM + portal + contractor end dates | O63: Operating Effectiveness | P63: Sufficient | R63: No | S63: =IF(H63="",MAX(0,README!$B$4-G63),MAX(0,H63-G63))
A64: EVID-063 | B64: IA-2(1); IA-2(2) | C64: Okta policy export after remediation + group deletion record | D64: Okta Policies API export 2026-09-04 | E64: Nadia Rahman | F64: 46249 | G64: 46270 | H64: 46269 | I64: Closed | J64: As of 2026-09-04 | K64: evidence/IA/EVID-063_okta-authentication-policies_2026-09-04.json | L64: Yes | M64: Lead assessor | N64: Exemption policy/group deleted; admin apps phishing-resistant; password-only sign-in denied (re-performed) | O64: Implementation | P64: Sufficient | R64: No | S64: =IF(H64="",MAX(0,README!$B$4-G64),MAX(0,H64-G64))
A65: EVID-064 | B65: IA-2(1); IA-5; AC-2(3) | C65: AWS IAM credential report after remediation | D65: IAM credential report 2026-09-04 | E65: Tomasz Wierzbicki | F65: 46249 | G65: 46270 | H65: 46269 | I65: Closed | J65: As of 2026-09-04 | K65: evidence/IA/EVID-064_aws-iam-credential-report_2026-09-04.csv | L65: Yes | M65: Lead assessor | N65: Only break-glass IAM user remains (hardware MFA, no keys) | O65: Implementation | P65: Sufficient | R65: No | S65: =IF(H65="",MAX(0,README!$B$4-G65),MAX(0,H65-G65))
A66: EVID-065 | B66: AC-2; IA-5 | C66: Updated service-account register showing owners, rotation, federation changes | D66: Service account register v2026-09 + change tickets | E66: Nadia Rahman | F66: 46249 | G66: 46277 | H66: 46276 | I66: Closed | J66: As of 2026-09-11 | K66: GRC-Vault:/WCP-2026/IA/EVID-065_service-register-v2026-09.csv | L66: No | M66: Lead assessor | N66: All 13 owned; stale credentials rotated or federated; shared EDR login disabled | O66: Implementation | P66: Sufficient | R66: No | S66: =IF(H66="",MAX(0,README!$B$4-G66),MAX(0,H66-G66))
A67: EVID-066 | B67: PS-7 | C67: Contractor end-date sync report and SOW amendment | D67: Okta account-expiry report + SOW 2025-061 amendment 1 | E67: Sofia Ricci | F67: 46249 | G67: 46275 | H67: 46273 | I67: Closed | J67: As of 2026-09-08 | K67: GRC-Vault:/WCP-2026/PS/EVID-066_contractor-expiry.csv | L67: No | M67: Lead assessor | N67: All contractor accounts carry expiry = SOW end date; awu amendment executed 2026-07-22 | O67: Implementation | P67: Sufficient | R67: No | S67: =IF(H67="",MAX(0,README!$B$4-G67),MAX(0,H67-G67))
A68: EVID-067 | B68: AU-11 | C68: Retention configuration after change + oldest-record checks | D68: S3 lifecycle + CloudWatch subscription + SIEM archive config + object age query | E68: Owen Castillo | F68: 46249 | G68: 46280 | H68: 46277 | I68: Closed | J68: As of 2026-09-12 | K68: evidence/AU/EVID-067_log-retention-config_2026-09-12.json | L68: Yes | M68: Lead assessor | N68: 400-day retention; objects from 2026-03-20 still present (182 days) | O68: Implementation | P68: Sufficient | R68: No | S68: =IF(H68="",MAX(0,README!$B$4-G68),MAX(0,H68-G68))
A69: EVID-068 | B69: SC-7; CM-6 | C69: Security group change record and Security Hub re-evaluation | D69: CHG-2026-0521 + SG export + Security Hub PASSED status | E69: Tomasz Wierzbicki | F69: 46205 | G69: 46213 | H69: 46213 | I69: Closed | J69: As of 2026-07-10 | K69: GRC-Vault:/WCP-2026/SC/EVID-068_sg-fix.zip | L69: No | M69: Lead assessor | N69: 3389 rule removed; admin via SSM only; finding PASSED | O69: Implementation | P69: Sufficient | R69: No | S69: =IF(H69="",MAX(0,README!$B$4-G69),MAX(0,H69-G69))
A70: EVID-069 | B70: CP-9(1) | C70: Restore test record with timings and integrity checks | D70: Restore test record 2026-08-27 (assessor observed) | E70: Tomasz Wierzbicki | F70: 46249 | G70: 46266 | H70: 46262 | I70: Closed | J70: 2026-08-27 | K70: evidence/CP/EVID-069_restore-test-record_2026-08-27.md | L70: Yes | M70: Lead assessor | N70: RTO 3h41m (target 4h); data loss 11 min (RPO 1h); integrity checks passed | O70: Operating Effectiveness | P70: Sufficient | R70: No | S70: =IF(H70="",MAX(0,README!$B$4-G70),MAX(0,H70-G70))
A71: EVID-070 | B71: AT-2 | C71: LMS completion report after enforcement | D71: LMS report 2026-09-12 (344 of 347; 3 on leave) | E71: Denise Yamamoto | F71: 46249 | G71: 46280 | H71: 46279 | I71: Under Review | J71: As of 2026-09-12 | K71: GRC-Vault:/WCP-2026/AT/EVID-070_lms-completion-2026-09-12.csv | L71: No | M71: Lead assessor | N71: In review: verifying leave records for 3 exceptions against PeopleHub | O71: Operating Effectiveness | P71: Pending | R71: Yes: complete review by 2026-09-25 | S71: =IF(H71="",MAX(0,README!$B$4-G71),MAX(0,H71-G71))
A72: EVID-071 | B72: AC-6; AC-6(5) | C72: Just-in-time elevation workflow design and a live elevation record | D72: Design doc + screenshot of approval screen | E72: Tomasz Wierzbicki | F72: 46249 | G72: 46277 | H72: 46276 | I72: Rework Required | J72: As of 2026-09-10 | K72: GRC-Vault:/WCP-2026/AC/EVID-071_jit-design.pdf | L72: No | M72: Lead assessor | N72: Screenshot does not show a live elevation, approver, session expiry, or CloudTrail record | O72: Design | P72: Insufficient (rework) | Q72: Design-only evidence for an operating control | R72: Yes: provide a live elevation record with CloudTrail AssumeRole event and auto-expiry | S72: =IF(H72="",MAX(0,README!$B$4-G72),MAX(0,H72-G72))
A73: EVID-072 | B73: AU-6 | C73: Weekly review tickets W27–W37 after the backup-reviewer change | D73: SEC ticket export W27–W37 | E73: Owen Castillo | F73: 46249 | G73: 46280 | H73: 46281 | I73: Received | J73: 2026-W27 to 2026-W37 | K73: GRC-Vault:/WCP-2026/AU/EVID-072_reviews-W27-W37.csv | L73: No | M73: Lead assessor | N73: Not yet reviewed (received after the due date) | O73: Operating Effectiveness | P73: Pending | R73: Yes: review by 2026-09-25 | S73: =IF(H73="",MAX(0,README!$B$4-G73),MAX(0,H73-G73))
A74: EVID-073 | B74: SA-9; SR-6 | C74: Quarrystone contract amendment (redline) and interim US-only access confirmation | D74: Amendment redline v3 + vendor letter confirming offshore access suspended 2026-07-24 | E74: Beth Kowalski | F74: 46249 | G74: 46295 | H74: 46280 | I74: Under Review | J74: As of 2026-09-15 | K74: GRC-Vault:/WCP-2026/SR/EVID-073_quarrystone-amendment-v3.pdf | L74: No | M74: Lead assessor | N74: Letter accepted as interim containment; amendment not yet executed | O74: Design | P74: Pending | R74: Yes: executed amendment required before SHCA data flows | S74: =IF(H74="",MAX(0,README!$B$4-G74),MAX(0,H74-G74))
A75: EVID-074 | B75: AC-6(7) | C75: Q3 2026 privileged access certification (new design) | D75: Campaign in progress | E75: Alicia Moreno | F75: 46266 | G75: 46295 | I75: Requested | J75: 2026-Q3 | K75: GRC-Vault:/WCP-2026/AC/EVID-074_pending | L75: No | M75: Lead assessor | N75: Not yet due | O75: Operating Effectiveness | P75: Pending | R75: Yes: due 2026-09-30 | S75: =IF(H75="",MAX(0,README!$B$4-G75),MAX(0,H75-G75))
A76: EVID-075 | B76: AC-6; AC-6(2); AC-6(5) | C76: Identity Center assignment export after privilege reduction | D76: Identity Center assignment export 2026-09-03 | E76: Tomasz Wierzbicki | F76: 46249 | G76: 46270 | H76: 46268 | I76: Accepted | J76: As of 2026-09-03 | K76: GRC-Vault:/WCP-2026/AC/EVID-075_idc-assignments-2026-09-03.csv | L76: No | M76: Lead assessor | N76: AdministratorAccess now on jkim-adm, lbaptiste-adm, twierzbicki (daily; pending AR-EX-10) + break-glass | O76: Implementation | P76: Sufficient | R76: No | S76: =IF(H76="",MAX(0,README!$B$4-G76),MAX(0,H76-G76))
A77: EVID-076 | B77: AC-6(5) | C77: GitHub org owners after reduction | D77: GitHub org member export 2026-08-12 | E77: Grace Lindqvist | F77: 46244 | G77: 46248 | H77: 46246 | I77: Accepted | J77: As of 2026-08-12 | K77: GRC-Vault:/WCP-2026/AC/EVID-076_github-owners-2026-08-12.csv | L77: No | M77: Lead assessor | N77: 3 owners (shaddad, twierzbicki, jkim) | O77: Implementation | P77: Sufficient | R77: No | S77: =IF(H77="",MAX(0,README!$B$4-G77),MAX(0,H77-G77))
A78: EVID-077 | B78: AC-6(5); AC-6(2) | C78: Okta administrator role assignment report after change | D78: Okta admin roles report 2026-07-21 | E78: Nadia Rahman | F78: 46223 | G78: 46227 | H78: 46224 | I78: Accepted | J78: As of 2026-07-21 | K78: GRC-Vault:/WCP-2026/AC/EVID-077_okta-admin-roles-2026-07-21.csv | L78: No | M78: Lead assessor | N78: Super Admin: nrahman-adm + break-glass only | O78: Implementation | P78: Sufficient | R78: No | S78: =IF(H78="",MAX(0,README!$B$4-G78),MAX(0,H78-G78))
A79: EVID-078 | B79: IR-4; AC-2(3) | C79: Investigation record for INC-2026-0117 (post-termination sign-in) | D79: Incident record with timeline, log review, and breach risk assessment | E79: Owen Castillo | F79: 46209 | G79: 46213 | H79: 46212 | I79: Accepted | J79: 2026-07-06 to 2026-07-09 | K79: evidence/IR/EVID-078_INC-2026-0117-investigation.md | L79: Yes | M79: Lead assessor | N79: Contained same day; 4-factor assessment documented; no evidence of PHI access | O79: Operating Effectiveness | P79: Sufficient | R79: No | S79: =IF(H79="",MAX(0,README!$B$4-G79),MAX(0,H79-G79))
